,ProfitMargin
0,25.297692514949137
1,21.062809523579187
2,24.67578583081286
3,27.139908408024134
4,28.41276420040653
5,27.106980369822804
6,21.493098212403297
7,19.43281151745515
8,27.902067720968233
9,27.18108099981335
10,28.78312478097309
11,18.605389250000247
12,32.49189293728761
13,37.2283974045865
14,27.734904803418587
15,18.659177556997
16,24.167054387140162
17,32.49181675337754
18,27.128210411789834
19,19.455499298640685
20,27.339386760504087
21,24.823106938639928
22,20.91536723479676
23,30.557677552715084
24,26.531068460394724
25,23.438626247540675
26,24.924740687225068
27,33.2325849315421
28,30.68972206568199
29,26.255182087413992
30,26.524494639740816
31,22.471612800808842
32,33.850974481195166
33,16.71462756928524
34,16.871098037857333
35,24.594663316710218
36,26.866023913586247
37,29.63763702844153
38,32.82232394431391
39,18.828431046192417
40,30.743750144387892
41,18.475382756943663
42,23.795931387970583
43,22.710176933635935
44,41.26965228559409
45,20.906844271207625
46,24.337414811022658
47,27.377944806775723
48,38.31731341388479
49,20.88870559925221
50,31.137564481298185
51,28.82178778493099
52,30.51827386521046
53,39.750942364989605
54,18.27490494073443
55,29.218382304087704
56,20.85170689870541
57,26.957658681026402
58,32.540785433643975
59,36.628851125698006
60,30.752391805951724
61,29.463274114011234
62,26.301799928062863
63,30.842637030581553
64,15.856187945934716
65,26.74439716713412
66,16.906097983081047
67,40.415730261000085
68,22.262616461936723
69,23.19762283549745
70,27.376136965467683
71,21.21167706684939
72,36.57299135841387
73,19.317516232629963
74,10.595559477515822
75,27.29693014420701
76,31.416380972155377
77,25.39676720048701
78,26.670224735482023
79,23.657232673323268
80,27.516838266238246
81,33.1700555898071
82,20.934244035639324
83,31.783500334420435
84,25.33952676909374
85,35.786610453682336
86,34.60520542764446
87,38.20013599435828
88,19.135798671632536
89,24.5364365948828
90,28.877444651276967
91,33.305199383254774
92,26.558805772679072
93,26.860523294110866
94,24.554394482047048
95,31.200847549807005
96,22.144627459079878
97,30.76309278493224
98,28.815663762480998
99,41.09785931443653
100,23.789720907324146
101,28.053149390567334
102,22.895312085494464
103,26.54104961188103
104,30.10494798878458
105,27.71330779535927
106,32.84828542321305
107,29.535238879083092
108,27.12938496290942
109,30.083298141423683
110,30.91960916545837
111,26.81461308499728
112,29.393049999801846
113,18.463414465781128
114,24.14808684503233
115,23.574036886021894
116,29.376064437839506
117,35.1275094458572
118,25.105081225197445
119,22.381519251221015
120,26.616889377376868
121,21.038324391584336
122,18.924991137966142
123,26.853328736893822
124,23.91847993896075
125,47.16854263981259
126,24.05534623809161
127,39.04991506994462
128,24.780224078991285
129,21.196182626128596
130,27.082562704643582
131,41.57375317265367
132,20.633044868837665
133,33.27041201574883
134,20.07676208619145
135,31.47943248701078
136,28.336896482329703
137,26.64375070309461
138,10.530100387856718
139,24.371376713623665
140,31.5007042594017
141,29.444798059017323
142,28.458746325637847
143,18.879316497855438
144,15.56276405318569
145,27.92831141425441
146,34.09126743791907
147,19.64370582897739
148,25.476755463274337
149,23.893147967631943
150,19.78539799506023
151,29.564630038960782
152,27.554794132960218
153,36.46510096910628
154,47.395188170029876
155,26.680341336246638
156,28.955460670194228
157,24.142530187212866
158,33.833250825152575
159,29.971293844209768
160,17.531158320205915
161,25.113455922605336
162,34.735854623468946
163,37.74849283746746
164,30.8399513431786
165,24.215206257661574
166,31.30968362808309
167,30.92044909337473
168,28.070246856543523
169,43.475179499292935
170,32.25138994809902
171,28.665204751961937
172,27.11054638543849
173,43.63140022372829
174,40.883593796321605
175,31.79279186998045
176,30.134473187048776
177,30.503131202541173
178,32.53701637986984
179,21.590365874250395
180,29.009614693747842
181,41.98361973214743
182,18.732102606994516
183,30.316254882420996
184,27.23219017909872
185,33.38931154495117
186,18.840071078078804
187,16.777972460899456
188,23.802879054124404
189,21.77659071973499
190,24.490972406788167
191,17.449919641029705
192,17.38034671328823
193,23.940138256965998
194,23.06312485040131
195,20.307801443020107
196,41.51134637490006
197,45.28782231954839
198,27.660070838548776
199,25.795898603787727
200,29.203356850567896
201,27.61703386272247
202,22.20868566548761
203,33.56654900843241
204,27.178611191364883
205,31.545150324632953
206,22.347443183039513
207,33.096810308494675
208,17.218805420686397
209,15.830801947950004
210,41.48729628134901
211,22.054982839308597
212,27.703354097346477
213,18.39626008298385
214,22.180004481170524
215,19.447236118189956
216,33.59758268597282
217,36.79340776325926
218,25.481206638264357
219,35.135672027947415
220,37.00830542600876
221,33.104552663754475
222,28.13041374241454
223,35.48641876420682
224,21.308377529874498
225,47.22250676821425
226,25.461759066714823
227,20.326948778459677
228,21.360586556180948
229,27.39637464229572
230,28.292533398144204
231,23.88099704613839
232,26.328511973973246
233,25.509985898573113
234,24.899577646313162
235,32.60534727206972
236,37.8448729115833
237,31.37217183983522
238,34.94519946782656
239,39.99204945054975
240,34.2727416399745
241,30.230493202626928
242,9.13012785149992
243,27.75661321583926
244,25.386173682309472
245,32.19148092861391
246,44.953402680877524
247,24.289721654238022
248,35.88206171282125
249,28.391909418512572
250,27.372142989116572
251,40.21156872409355
252,29.40094878824339
253,29.70751809115797
254,36.60340957714338
255,34.65203442217885
256,39.163597128542904
257,26.164961196466983
258,38.78106863566328
259,33.58989095534764
260,39.34007716220693
261,21.420342043606368
262,41.09459434861435
263,33.199947626553325
264,33.18510458857352
265,32.21584073236865
266,24.28743329746193
267,37.122015890483425
268,6.80570499759621
269,25.36695596199116
270,19.5713774633992
271,37.19537069811038
272,31.56346345546756
273,40.20280133124866
274,29.3412469387121
275,25.937195371151034
276,22.45312868300742
277,25.946952228273233
278,36.226042625555294
279,27.461729814465208
280,33.40426806989862
281,52.22969747956851
282,27.45134540487012
283,38.25820730958367
284,41.369020267659316
285,27.00865683600605
286,29.676917084079946
287,25.949476739378884
288,46.98446222301728
289,20.09118656695494
290,25.973062567110883
291,8.358970973328987
292,36.63121454395365
293,44.05310598337614
294,22.077165598306696
295,20.14331745590527
296,34.51724049915104
297,30.827478388447986
298,12.219933670343043
299,24.352697281312224
300,28.06737090465808
301,20.06958334815479
302,38.73052560676167
303,37.870274453053476
304,17.170860720849255
305,45.74584108556441
306,23.012078268080057
307,26.855660097428103
308,23.33909406179529
309,24.321921988847002
310,23.765910440370863
311,24.57131999795546
312,30.230825592194826
313,37.59845870537441
314,29.88318274349842
315,41.63869102936819
316,33.56481889486208
317,28.714948905986653
318,22.315265182274352
319,28.985601137866766
320,37.132472352822575
321,7.360457592182788
322,41.65950590974669
323,28.018683937483868
324,26.463888355582537
325,23.543180323805764
326,23.67710851388737
327,29.492903178495894
328,32.70740652576778
329,39.67625015794726
330,28.989685388969598
331,25.264331386426264
332,40.74716863352242
333,12.858642263968969
334,30.804331756784414
335,41.033756917601735
336,33.9491250709903
337,22.41706509262375
338,38.22745980888871
339,26.611711856724895
340,23.137214626398073
341,23.060916292475984
342,25.138619797543075
343,27.038586693709043
344,4.866784570151598
345,27.142839742262385
346,29.87690539591498
347,34.232442047962216
348,23.867710365639812
349,29.02628278312227
350,23.97512148709493
351,19.352864306884037
352,32.88153296903557
353,30.441043978655053
354,21.672256173424
355,22.638141821306345
356,30.316975766736892
357,24.25614525078136
358,19.34437605781794
359,35.46963954018713
360,30.694591319862447
361,20.694686459736946
362,30.963885513098298
363,43.37692866178251
364,31.259477137861563
365,39.505587272008995
366,11.34963376705652
367,24.474147099113765
368,39.149862651983454
369,35.56915572092254
370,38.51515236795362
371,28.102848283892364
372,25.15115831649987
373,39.91672815692071
374,21.579952477409805
375,38.22755459293492
376,9.828142029637679
377,11.121513111286099
378,29.8582280433996
379,18.17693023186949
380,19.212203726448383
381,33.258141323153595
382,23.051269634814208
383,17.271440955423195
384,27.558549839328915
385,28.036178842562226
386,41.60062804442689
387,27.834534531651585
388,31.771412294117457
389,34.15562240640996
390,40.83865411996036
391,28.26359779091201
392,26.74880735647077
393,30.63005118534482
394,14.914519676721829
395,23.339725944863208
396,29.02573168364176
397,29.264323425554934
398,1.135783023696871
399,30.050610830002473
400,29.894795293764737
401,30.46764033679305
402,36.07717531701056
403,34.9353447954488
404,25.897023603338077
405,25.989713195797147
406,21.875843842127058
407,28.356434616268988
408,19.842183340481476
409,31.164454149511666
410,26.456379438638105
411,29.042648562511225
412,39.10829467253713
413,22.898442877486747
414,24.277544785524512
415,28.220410226253613
416,30.596647291406082
417,21.28743394010569
418,39.003411633666914
419,29.697740915359173
420,19.21705578197631
421,21.10650802722595
422,21.962849988048
423,40.98288670626346
424,27.678497008542696
425,46.89497192017312
426,26.98404253623432
427,34.06189926352299
428,42.761558885238905
429,36.68066119073286
430,27.579916098750505
431,20.939427852275468
432,23.688783149311675
433,33.65098415620375
434,23.659522967524396
435,22.544934060584442
436,28.693525971178623
437,31.719466565808435
438,25.89485268372914
439,33.21852145209914
440,33.78798354407899
441,28.739761553852162
442,29.877504338707396
443,26.89446773906092
444,26.94929833904489
445,38.839987573102036
446,42.57271587254766
447,34.785389477237835
448,28.932132417637213
449,34.57514976592946
450,18.42059714175539
451,18.894924057117784
452,33.59007264852275
453,33.541321523396775
454,41.18364232163007
455,22.462629415281718
456,31.686080914820643
457,39.370964167398235
458,36.917591616396415
459,33.445626987717446
460,37.65432051997918
461,23.35129449694659
462,37.735017150724595
463,32.725026058044
464,32.021096726454445
465,30.925041574017083
466,30.367798836554698
467,41.50415544764276
468,26.665442392986776
469,29.602580714401284
470,19.746863046982277
471,32.60676289755426
472,42.54602633515656
473,41.490479319231596
474,28.03860582369866
475,40.209163571191525
476,31.20966431446944
477,38.80030460724197
478,33.04203112666434
479,26.664730203864416
480,26.253075916938943
481,26.546280152910057
482,12.99894275919744
483,29.586934196706533
484,42.30267816454827
485,30.040555773792043
486,8.759195400219278
487,43.37282912322666
488,30.164405757246826
489,30.11726218195177
490,40.49220632022213
491,27.25847886138383
492,31.623966790917297
493,0.4733342464243196
494,39.09291561137497
495,40.80317990720396
496,38.72789766363868
497,34.60465899172543
498,41.58158676568549
499,16.24234457598286
500,25.21029865643366
501,30.364407813993854
502,29.92531410202986
503,34.9284467589946
504,29.87324333093063
505,28.405600260986834
506,36.38149652465597
507,42.94663285289989
508,23.27264636320297
509,30.480803729565675
510,21.6530514175877
511,28.701844236674752
512,37.8844651930114
513,28.997087800448178
514,24.32908223435732
515,39.97815013996409
516,34.29378673611909
517,27.57982030600474
518,25.398225397788305
519,37.00490453984917
520,29.782966419708305
521,30.500770236440864
522,37.99157930426869
523,14.001961443670702
524,40.9810658488189
525,26.131660700888688
526,36.416438697019785
527,42.072688805677736
528,36.592449362057586
529,39.116671987952515
530,29.921221406768154
531,27.381079191212443
532,27.871255057129375
533,38.80686804463338
534,44.538724475821084
535,14.743439809250605
536,27.051257793710775
537,21.509747777992473
538,29.461940749558792
539,41.24557335112274
540,24.565069263599828
541,42.67314056997743
542,33.88368824913209
543,24.240102842141205
544,33.09471102986905
545,21.51039866130119
546,34.73214884503854
547,19.86641398522918
548,36.563904793856324
549,39.7738552188287
550,22.710155651233077
551,24.462362678530788
552,27.666699611180867
553,41.21578044130674
554,30.149645894438436
555,29.601183251462004
556,25.391805917414565
557,27.669925541859623
558,20.80178104768962
559,29.623963599476287
560,16.741131350531642
561,32.38594963524058
562,13.233775923652605
563,34.9006323926731
564,27.088942690680824
565,39.587697917207514
566,28.358606687392935
567,18.127013584936808
568,31.78247568663798
569,31.57767760014715
570,30.711936836187675
571,39.13810128215463
572,25.726929650619823
573,39.916056749231196
574,24.87107464597276
575,29.05393831989742
576,30.89733272937582
577,22.609186901880975
578,22.550416244580482
579,35.109264830930364
580,34.82224556884807
581,40.90919567135231
582,32.94432624232393
583,31.421782952533427
584,14.334735212597058
585,19.329915260272028
586,21.675864099822224
587,34.971674621210106
588,21.054502364500784
589,25.846320894741826
590,16.129136230480903
591,22.049943549516506
592,19.019382327744147
593,14.64894499908006
594,31.565138652610003
595,34.96089583365781
596,20.077946787128077
597,45.7476870620295
598,19.089957853928112
599,21.558896277497457
600,27.768610593821098
601,43.674589370174864
602,37.43664480627963
603,36.08796246628758
604,39.82886559933638
605,34.43676344413008
606,26.36702811669164
607,28.869334316520114
608,36.4262408845602
609,36.53124686334844
610,28.344255019902093
611,15.514709751630578
612,37.07014943609842
613,24.727385557852994
614,1.7584783660990169
615,28.984742253709182
616,22.97416933684275
617,35.094670696361
618,44.637829986626805
619,43.122532371820476
620,24.735516793677995
621,13.85659850612
622,22.83267396229058
623,30.481342492782552
624,24.078055104103687
625,21.761806071288632
626,31.54593716762242
627,45.942469635446514
628,20.414502528297465
629,28.463142054179386
630,27.95076642372773
631,22.806626662118155
632,45.52748591444462
633,33.74245466265039
634,28.219331814685
635,24.20468249494284
636,25.58425588702568
637,22.50578846612506
638,27.293122337886324
639,40.2443346156694
640,36.44758523092918
641,42.22772842804673
642,29.305911009957846
643,38.08249784702305
644,31.864975629975113
645,42.07018502087004
646,29.977604557341405
647,31.938179392612735
648,26.86500887779732
649,41.50548611338803
650,26.268870755784736
651,44.34919845119577
652,28.32094734212277
653,22.4678694987458
654,25.87169918495229
655,39.75419200689716
656,38.09840106920589
657,28.808433963784026
658,38.73529579087413
659,42.34661514684219
660,21.67452190298845
661,35.46991689699397
662,34.65475908436718
663,34.50120209089198
664,22.668729638043583
665,27.762517469037647
666,26.155392733675598
667,15.924204516283766
668,35.0824054940782
669,36.560938726580936
670,26.132134638081904
671,24.12054213999668
672,12.856535531614169
673,24.83882054147996
674,24.55235659677696
675,28.43214753757665
676,33.0041076291134
677,29.28379784196069
678,26.89719981041184
679,43.15126804427736
680,22.928170366849617
681,34.43508865460874
682,29.367381549004484
683,26.75360267263101
684,31.821245715433044
685,2.3310184758113226
686,21.065044945260436
687,11.551098022205254
688,29.0973121812921
689,27.667932825667872
690,26.786771749343735
691,26.380310630927966
692,16.47336118542405
693,36.62519989365458
694,39.208979349636756
695,21.82771872444808
696,22.080069045439593
697,28.056878754999516
698,34.6622443698251
699,44.363256242283775
700,34.77400111155081
701,13.477170069793193
702,38.28632500052589
703,41.619081015570686
704,36.275945851971485
705,32.067656759883924
706,33.67307926611518
707,36.11081748686058
708,34.02926693108371
709,31.624503910261208
710,36.17403263925945
711,7.094179327045939
712,47.58069303382062
713,21.429823829215934
714,35.41998340567687
715,27.047360374388074
716,40.99185728326973
717,21.05312056384361
718,25.652105572565485
719,19.954895488599103
720,40.81245770006679
721,37.67447857143098
722,32.698724695181944
723,14.605820788270549
724,22.683805899188282
725,30.1663795685926
726,40.0303891555162
727,20.435581524286462
728,37.05445015170355
729,32.7910029225812
730,23.638527371877103
731,49.523041020911776
732,17.02471063232739
733,29.477374250978432
734,23.459761604321574
735,45.295456849101804
736,35.62539108180809
737,34.78833646285409
738,35.54773178805142
739,25.65307367352873
740,22.739771781859112
741,38.276967013857785
742,23.1326810908589
743,25.998280616872556
744,25.888335078616187
745,30.23602707057845
746,21.330650100286316
747,25.657885955173658
748,15.436338934873234
749,44.68098548071911
750,45.01157343214742
751,40.30969538364828
752,27.21865843118327
753,10.417325279778845
754,36.21521029567208
755,29.346360414508844
756,29.372322504452193
757,34.756209235460865
758,35.59156078847507
759,43.42331606910431
760,35.196546870345045
761,17.618048728283732
762,21.73881281874507
763,33.46480741687204
764,33.11234913858571
765,31.3717294553814
766,29.322739796347285
767,10.691776811858466
768,38.110249735988006
769,27.339126561321546
770,21.366435903302587
771,22.838898005587165
772,25.4896074846151
773,39.999287711358924
774,21.92755715641458
775,32.75013698625968
776,39.09556211975292
777,21.706226668100307
778,24.125854723942187
779,26.527077766126578
780,31.903234007418536
781,32.91899067983788
782,24.086082948475845
783,32.05568633019656
784,34.03481493897792
785,22.526588603466465
786,29.64116847658948
787,22.493821819068334
788,30.80786870266567
789,21.702202772559577
790,21.071596146656624
791,29.508494530585505
792,19.21910538641817
793,28.450356310180204
794,3.3969494055147558
795,32.556341620536664
796,28.15847851307467
797,35.444988943472495
798,32.38269287698126
799,27.47830675600976
800,42.287691712072316
801,28.932327867893378
802,26.758743407242708
803,22.03347154830816
804,21.474382039140753
805,38.584099091718926
806,40.62504732466317
807,24.489035289694865
808,33.871747290751074
809,41.4059147751423
810,29.37221155870391
811,9.248336288577558
812,25.8539318420147
813,31.817253565257985
814,41.36943970552808
815,37.32538740666551
816,40.565705867421286
817,23.73920475966252
818,22.745867079978087
819,31.333015798056845
820,20.38800067705849
821,11.55498311648156
822,30.96932540409319
823,31.969281340739414
824,25.497530899773935
825,22.15278572001632
826,42.039421953693946
827,31.495568946175702
828,35.301348947807455
829,36.160171733912186
830,18.771415829343123
831,34.61922718461392
832,23.457719639363674
833,23.855699095167257
834,28.481399294765875
835,50.89741042095186
836,20.506702893827352
837,20.607850609756092
838,26.04078958872905
839,24.928834399955033
840,45.81746774952868
841,28.527728372264395
842,32.420689136652086
843,26.055528143362267
844,41.00437554681611
845,27.15189893877234
846,31.68541447892583
847,27.0867139959432
848,26.00890548784808
849,37.944839277664066
850,20.214230809642036
851,24.98867325029249
852,29.33129436872552
853,36.59322285711591
854,27.107026493969283
855,26.310569789403466
856,50.51036513620637
857,26.011186030640225
858,34.90577384118261
859,15.284363950306929
860,20.050892289148557
861,21.851460541298056
862,45.48310923413187
863,34.35501318040251
864,27.150781278323606
865,27.83563252980603
866,30.447058971881003
867,28.68004784513249
868,22.170976858803442
869,27.857166102252044
870,23.5563878413857
871,34.72859812933415
872,22.80799669660314
873,28.1149155459026
874,37.86126513522689
875,24.330741985345053
876,27.481553149680565
877,29.563103949308367
878,30.314944740345133
879,27.981495860628392
880,38.875355717135264
881,27.422763693413664
882,10.154492196015354
883,25.432756579673693
884,21.006318643781068
885,32.08455560632243
886,31.761896291588336
887,28.249702844671603
888,28.716796055309985
889,28.53240127623891
890,15.043760380719624
891,31.386931927709448
892,22.279026698103674
893,32.89419064034267
894,25.60937855419379
895,56.81382447433262
896,32.30946644921029
897,17.687355387853092
898,17.26111665724819
899,32.315045126758925
900,29.446349828515437
901,38.248293756654576
902,24.11748564506549
903,38.627028419566294
904,23.21984798877383
905,27.23181234777199
906,34.78826275425141
907,37.59579483486461
908,44.15221473940005
909,4.358560731752844
910,2.4808096074980868
911,23.902859155817453
912,38.942371421944706
913,38.837470817646256
914,21.86294404643324
915,25.081610911151326
916,43.619833472220016
917,44.3922262244158
918,25.54175516306451
919,25.689240596684037
920,29.64032013195134
921,33.79072587046302
922,44.20527938649991
923,41.444902262107185
924,45.62559364856591
925,14.193210674755106
926,44.307017384803096
927,24.577587952499773
928,25.41868990168422
929,32.89681355746916
930,17.315542773174293
931,23.31320764164308
932,34.880882212733795
933,38.94621732988745
934,28.66092838893506
935,21.971487144176148
936,27.239505782459617
937,22.999108134230063
938,26.160167191556216
939,24.678403008536133
940,35.7081152857218
941,27.97963338466171
942,26.25055603965705
943,31.18306504377038
944,27.859541122310755
945,28.182326514774225
946,42.29816901077923
947,34.508725277143014
948,28.31040129877082
949,20.984025050803087
950,32.09807246622576
951,26.416138408558854
952,31.782766091771386
953,23.063257080898566
954,38.11590344887359
955,49.62943560841218
956,30.665747176242323
957,32.32686470640994
958,23.246354545771975
959,36.26491381256209
960,24.944590852369238
961,34.36867792226398
962,29.071520301467935
963,37.2709886862501
964,39.70069173262771
965,0.9140682747123273
966,16.528625843800548
967,37.9825552529616
968,8.41619104573995
969,25.7335513255044
970,32.21587387085137
971,36.28832663591081
972,33.68312127576461
973,22.33399270999398
974,44.977752220285446
975,25.344330366707602
976,15.505007781201932
977,21.763901371575937
978,41.54696336302288
979,36.92475853850703
980,22.881303899473814
981,39.234285179938
982,56.0893150325411
983,33.04918705205482
984,40.42621660663085
985,4.1288263120503235
986,28.285392983290063
987,48.418797159913005
988,36.72129062790531
989,24.626408962391782
990,11.058631461522236
991,41.95638148452156
992,23.028473526416445
993,24.157365962930587
994,24.169274575575773
995,35.70407058593949
996,27.316584959961993
997,35.47750322117487
998,35.53175857009353
999,28.416252340504812
1000,19.290122604979697
1001,23.84918020911603
1002,31.905927305855787
1003,32.585305744307284
1004,28.126462611521337
1005,34.54649281212497
1006,29.836013977532172
1007,18.776524828656417
1008,26.03899012435348
1009,26.80115801127333
1010,21.672764919920706
1011,21.06540114185992
1012,25.562743876024946
1013,46.718959963956216
1014,32.626116204496824
1015,28.31929398500328
1016,24.196813660769305
1017,30.168222383054673
1018,41.74722704293367
1019,32.59228216846717
1020,45.654970312012
1021,48.782527190813866
1022,30.455315301726337
1023,21.945985742142824
1024,14.320608191209056
1025,26.116453725682177
1026,37.104172195337945
1027,31.76428543974039
1028,25.17158743804605
1029,19.730326787145447
1030,41.64344694895055
1031,24.286267152522072
1032,22.32472548800704
1033,33.753623591249045
1034,52.42377903683493
1035,37.81065413142256
1036,35.10342649040517
1037,35.78581128845774
1038,34.68097889031675
1039,23.424122649864678
1040,41.25200875509382
1041,26.595838974347885
1042,29.9844923872688
1043,23.92977478564082
1044,20.318255675105558
1045,23.482864603491148
1046,29.68042447386666
1047,39.36060318358528
1048,19.74358160752453
1049,22.092674782528324
1050,29.770534999363395
1051,33.775020947937385
1052,35.06096395596181
1053,23.42381000827482
1054,27.836392331073174
1055,21.557859360787724
1056,37.04730298228219
1057,32.34069165119403
1058,35.96768791905829
1059,43.19805466362571
1060,32.096396075572606
1061,30.09772220977575
1062,17.709716332355384
1063,26.64411294876188
1064,23.7930460539764
1065,34.3557499951374
1066,31.411675558089296
1067,42.20941951225483
1068,22.973161609856216
1069,38.80994589457343
1070,19.598926421250038
1071,28.429977123421178
1072,28.08933471852189
1073,14.38965827140832
1074,33.077748856727325
1075,25.687489567197062
1076,23.449361219361133
1077,27.05463580851922
1078,32.86482337072425
1079,26.02917020664074
1080,18.315472846378334
1081,27.619221363036345
1082,42.00887361354387
1083,32.541825449035954
1084,27.200974759401515
1085,16.973415241243302
1086,35.8741989823813
1087,42.036476216696364
1088,28.504355275460185
1089,26.877071296809618
1090,5.204732082922971
1091,21.849929614657817
1092,31.42209670263762
1093,35.84505820117429
1094,35.32284113825905
1095,26.43823154830492
1096,17.33251988693239
1097,23.051835871962897
1098,44.73898321115594
1099,33.82799837653464
1100,41.39972280151811
1101,23.62376013685838
1102,12.578322705536474
1103,36.44459183365455
1104,40.20390355966357
1105,22.53725096033932
1106,37.978076876057045
1107,46.0552360006767
1108,32.40480237481629
1109,39.952690699277696
1110,26.369687598226992
1111,26.84529328059905
1112,38.22971244897632
1113,29.06885478595739
1114,35.23202846232276
1115,33.607087654410485
1116,37.36183075513736
1117,27.01881525122221
1118,45.854942709755306
1119,24.11502479656397
1120,25.278691703038668
1121,43.3676361799828
1122,32.220478190845796
1123,47.7710167088167
1124,10.169429338220628
1125,35.766076219132145
1126,6.288471665305745
1127,25.6658900557433
1128,21.897280951035754
1129,22.629627080464715
1130,25.29229065584794
1131,27.47976327479981
1132,41.592478223896144
1133,28.53080272468254
1134,43.63506314789631
1135,18.723023005277447
1136,31.26850440899943
1137,33.739677821628895
1138,23.083684803159883
1139,26.373614008639667
1140,28.785780068848577
1141,17.69492014779471
1142,34.065248125636145
1143,22.557062734187355
1144,15.373515367166208
1145,12.518066596459118
1146,27.757441947944418
1147,32.57436220342158
1148,30.85544564130482
1149,47.640348999237546
1150,27.605759837050886
1151,27.74485403215559
1152,45.860615078905084
1153,24.07430912718763
1154,17.5399748148016
1155,28.88710875084024
1156,35.71228262317992
1157,21.711617773858226
1158,29.06588494243607
1159,27.742684463266226
1160,26.616464007241596
1161,34.140359827228515
1162,30.935179321858264
1163,40.97504865225499
1164,39.191176116121994
1165,7.056281466928358
1166,18.1535529635969
1167,36.79344190229142
1168,36.0690097388827
1169,38.32787010945617
1170,39.90725868184849
1171,29.059255096716996
1172,24.345212863286168
1173,10.12398762299756
1174,9.664889236246575
1175,17.233285695509824
1176,30.159129887485708
1177,29.897644229964094
1178,18.698235981952475
1179,0.3517041378167207
1180,23.726048019487916
1181,23.50495910369382
1182,28.905395285652595
1183,23.1306283192652
1184,30.857703207034042
1185,35.692322223096355
1186,36.88170070276701
1187,24.89735160333499
1188,38.283336118184344
1189,22.86627009703341
1190,35.125135997726126
1191,29.022183024568886
1192,27.609269794225266
1193,21.471972760772033
1194,29.91731242284022
1195,26.142496799133536
1196,25.892692278573232
1197,43.585649425629235
1198,7.676539940046531
1199,50.564382445034596
1200,40.68260174502591
1201,41.58965971784498
1202,27.994953169549163
1203,34.74017561138966
1204,36.09542540856731
1205,40.6894693192835
1206,30.16148559626821
1207,19.42035515153021
1208,36.320254506892894
1209,26.684955297084446
1210,12.711191697657487
1211,45.78144918599354
1212,42.93102148144364
1213,25.58545132347565
1214,20.82866227570831
1215,44.83348377734912
1216,13.638606062934649
1217,34.550332372430105
1218,39.192935643039704
1219,33.05321346275536
1220,16.696573877298373
1221,36.72872295367294
1222,31.00121555406109
1223,28.420096135896838
1224,21.89082956262796
1225,27.817602803227448
1226,16.469034485006535
1227,25.547148984933376
1228,29.55934089799266
1229,36.86302841940489
1230,21.72935189093724
1231,26.498649164277133
1232,38.20128942903484
1233,42.231791842310855
1234,16.291587719008792
1235,32.84754964994999
1236,29.054655811936993
1237,29.999991119961837
1238,19.96929599904812
1239,36.69619480992431
1240,40.41270688873498
1241,35.212917580196354
1242,35.1076818956054
1243,26.50772121458681
1244,29.05799348766332
1245,25.19302365675569
1246,28.201955584560316
1247,25.586243133273978
1248,6.096592490778007
1249,51.87172822150645
1250,27.324162972548343
1251,30.782956869913384
1252,54.75746214297619
1253,11.271348017011144
1254,27.042243146822898
1255,32.17350366994072
1256,34.94161086868188
1257,15.743097584004515
1258,36.06849809262077
1259,4.339044823229312
1260,20.248521116757992
1261,22.527318186921537
1262,22.60064931431134
1263,25.118749382869844
1264,15.638782096815685
1265,24.828113106017472
1266,44.00351381528618
1267,25.317773005978545
1268,27.10125475376259
1269,27.900921199366508
1270,43.50519785361334
1271,22.647166772456615
1272,31.646550617413695
1273,24.370354980904757
1274,29.976052033564283
1275,34.38109129182321
1276,19.403222106544785
1277,43.21216853289919
1278,34.789640036342256
1279,27.084341618911534
1280,29.202916450854616
1281,28.670745239029827
1282,43.718442886973634
1283,30.169129070942052
1284,30.79715702684239
1285,21.576978634795427
1286,20.811805191442115
1287,26.97466873789292
1288,19.498385447781743
1289,25.173463995935276
1290,33.38447878675751
1291,41.23499209812279
1292,22.85214000004961
1293,20.38806784495112
1294,2.5214753816589264
1295,29.660635710664195
1296,35.89174640302763
1297,11.343133596341213
1298,17.98246483469023
1299,28.201663910705477
1300,22.523514098108862
1301,8.113838117904164
1302,30.225909550254322
1303,6.46370601848123
1304,34.96300267041371
1305,35.903417534891894
1306,25.776070257154792
1307,26.71677488841323
1308,21.533159006726656
1309,28.524661246612464
1310,33.41317702323415
1311,28.4303264517609
1312,21.59326758632121
1313,14.522663630665905
1314,42.66004486186771
1315,31.23979182806308
1316,31.63465301008302
1317,44.110552232241304
1318,34.76343097098805
1319,41.7038384205748
1320,32.526103200312626
1321,32.99931194014073
1322,38.068728883286944
1323,33.24293759306505
1324,26.97164527660924
1325,26.51556096568998
1326,38.695472209812095
1327,48.124816098939355
1328,32.451751250893494
1329,30.88636555164837
1330,17.622775056446553
1331,44.94057129127289
1332,31.94182384702961
1333,29.85450410554313
1334,25.43214807453154
1335,27.482563611541593
1336,37.955885813175044
1337,26.87395920825275
1338,41.2259936360221
1339,40.32977437346193
1340,39.79112736767695
1341,36.27708837675201
1342,32.69085434574575
1343,18.57742269078118
1344,41.91829589348711
1345,24.923513906176158
1346,10.529972036584368
1347,28.403677871106954
1348,39.018052581189615
1349,32.341470330359265
1350,31.090943800148445
1351,31.63820046044571
1352,31.918056956749925
1353,29.31511686698091
1354,31.13276583994398
1355,36.793814651396715
1356,26.54073405298619
1357,33.33097917142971
1358,21.127703813660982
1359,21.147449820055193
1360,32.63312869960514
1361,20.1139534988862
1362,23.59398111763821
1363,42.46365522497749
1364,30.747226067583313
1365,32.342436773970206
1366,31.383149169571407
1367,53.86814912460108
1368,33.14924585864547
1369,23.45801395705218
1370,55.3922236618966
1371,31.08668111154524
1372,26.003637219893623
1373,43.526874841008265
1374,2.8095865484169473
1375,27.72012297824317
1376,29.77040248213533
1377,43.143008864016984
1378,33.31096932178728
1379,33.28395795650592
1380,21.58678295196183
1381,18.891179674628397
1382,16.394815251646673
1383,38.02547593641803
1384,56.596045890242685
1385,26.597533767778238
1386,20.756809092904952
1387,8.768792504590492
1388,27.105917876484657
1389,41.57265222719335
1390,41.96618201157522
1391,30.97137619344338
1392,30.250669318751488
1393,46.09218874826968
1394,15.162381280202114
1395,26.256872871953785
1396,20.177033896241504
1397,39.28892162845634
1398,27.64470105131207
1399,40.11939092673841
1400,26.555026524961285
1401,32.63412572270687
1402,27.661204794522614
1403,14.320623057151497
1404,23.703766350024967
1405,21.24220748322249
1406,31.17543696601748
1407,35.59293960934404
1408,40.20093275687333
1409,24.43630796809747
1410,24.25330389855019
1411,32.116399618089694
1412,12.115936010410115
1413,27.309179102948583
1414,32.52255362772013
1415,28.411131682411046
1416,22.239495344948086
1417,20.51990739288003
1418,36.386680033338756
1419,19.600620309883183
1420,25.927642586819083
1421,29.512281100427913
1422,53.15863840158287
1423,32.54504896781194
1424,25.500623800687755
1425,10.676675286451877
1426,30.029922376749447
1427,34.61340676267613
1428,24.929895558722222
1429,31.58545691910966
1430,21.481871854082474
1431,40.51558674524816
1432,22.58916519960364
1433,25.609983195421126
1434,27.91448946137574
1435,11.822514468125366
1436,23.881517549331637
1437,26.6868931539684
1438,50.75600810378713
1439,23.323201993363067
1440,29.869578247367016
1441,43.436721427918016
1442,24.83779846856615
1443,27.604460763288262
1444,22.41324252748192
1445,12.186144716906913
1446,19.009192067841724
1447,27.764477259734406
1448,26.75916904341506
1449,29.366346345109417
1450,35.84210569153837
1451,36.569620978893425
1452,38.58861946232162
1453,30.01518701367751
1454,34.703910403397146
1455,37.445998750104316
1456,22.718398035827768
1457,21.951692729072185
1458,39.07812932212902
1459,31.796056836619297
1460,49.83645045660784
1461,11.924160375368466
1462,29.55549989468888
1463,37.9471851304913
1464,43.001940105148506
1465,29.598501850485732
1466,37.290409857297526
1467,26.571544293284088
1468,27.0172466792652
1469,38.70545343592139
1470,24.965521795728275
1471,39.323563659750654
1472,36.78836163470684
1473,34.48708709357874
1474,20.270903469267697
1475,1.2987196305958348
1476,44.21886759507137
1477,35.97500037697617
1478,31.633385718849595
1479,42.97098825309697
1480,31.630966552236423
1481,43.35242407029588
1482,38.63591744430223
1483,21.827174453380852
1484,35.25949912335513
1485,26.201374004997497
1486,37.40396777262725
1487,23.613454352042552
1488,44.65132245052924
1489,39.91544472709524
1490,30.767122183632505
1491,32.98676880096456
1492,31.300212664032234
1493,14.612907713750332
1494,29.530344150129977
1495,36.72857522459191
1496,20.402483292303224
1497,19.91565279232845
1498,23.81056082515267
1499,28.674419435396658
1500,42.64879057914494
1501,28.474493240683117
1502,19.992452582529356
1503,19.6853941725925
1504,33.96050553685522
1505,15.7527878621328
1506,28.576548622601027
1507,41.08138659595802
1508,2.3503031384137096
1509,7.746857586733386
1510,26.30111071451424
1511,27.882553607452216
1512,27.85749841140635
1513,33.32847894970432
1514,24.82593604572324
1515,26.72914654830726
1516,35.757966795931964
1517,23.32154663042351
1518,22.103075089735945
1519,37.541181617838646
1520,39.2164933741598
1521,26.809448228380756
1522,26.954196537654738
1523,32.64563520282573
1524,35.79786457355539
1525,32.52044311104903
1526,21.262692728734333
1527,16.557610203175116
1528,26.58893919909143
1529,32.505339086865554
1530,34.35190472605619
1531,45.66443891677007
1532,22.17496863043474
1533,35.80865195242921
1534,40.34825996889769
1535,43.71229158783079
1536,34.67722581087972
1537,22.71725282203085
1538,33.905711217900794
1539,30.208190252767153
1540,29.083326146459832
1541,19.755022414284127
1542,32.911264679723345
1543,31.16376714887209
1544,30.25686630836844
1545,27.420713747634924
1546,38.07332643260564
1547,33.90014072957654
1548,38.63386899933498
1549,37.69769234465053
1550,29.314072746411757
1551,27.523912579050037
1552,31.772682808513007
1553,18.281644882267017
1554,36.450683179541194
1555,8.25097428315869
1556,33.657519412730025
1557,32.874741262068916
1558,35.98124270762157
1559,30.05232858849276
1560,36.5266943444205
1561,11.819902982890323
1562,23.997315548998287
1563,31.29934988895082
1564,32.898567237903265
1565,24.674307297817165
1566,39.26857072741797
1567,50.7590138932683
1568,26.433854640047638
1569,23.115941205521164
1570,27.234243265832575
1571,49.00674821326647
1572,34.18277785764392
1573,24.995558830689472
1574,22.652839169580254
1575,7.365661914441846
1576,33.84437686707448
1577,6.046590452684242
1578,7.813231964947291
1579,32.84804367606916
1580,41.783640286092606
1581,21.08358310885154
1582,35.808059586417414
1583,33.75841609733124
1584,19.633041899514282
1585,25.072934120621436
1586,35.404783142758994
1587,36.70589414905006
1588,33.90652532819161
1589,25.632647092785653
1590,29.30031310692287
1591,44.72541382360937
1592,36.24205005842549
1593,31.33772114127556
1594,28.150917101152533
1595,30.118208912485983
1596,36.55814825813106
1597,29.8901652168657
1598,20.79296999953116
1599,33.24513284177816
1600,39.95687656009138
1601,40.38284499568991
1602,26.954816417376147
1603,6.336291033153407
1604,30.293582666974483
1605,36.579255706914736
1606,20.333878099922963
1607,26.063105511635566
1608,26.212394271901722
1609,3.4143589432497157
1610,33.78540978868991
1611,21.84615046027607
1612,37.317594665740344
1613,21.275350102553098
1614,21.82097365041974
1615,33.080979227133895
1616,29.522880296279208
1617,32.20896275263299
1618,53.34012871016424
1619,40.491039295177785
1620,37.611293569317894
1621,28.319448333991136
1623,37.76665199635111
1624,30.989811779688043
1625,27.075678486586384
1626,42.99283162461073
1627,44.6236860699074
1628,8.60539662249812
1629,37.7460164516532
1630,30.162489653545144
1631,38.334655481639516
1632,46.01750832879923
1633,28.34827530459575
1634,7.130800259701367
1635,40.363775515607806
1636,33.77571953673894
1637,29.309006473212772
1638,38.52942297189164
1639,11.495252969124403
1640,38.74640445787048
1641,26.32431981413402
1642,25.669980322565383
1643,25.07710003025811
1644,30.47922892444307
1645,44.25845149981509
1647,18.8242657864389
1648,23.88573945286112
1649,22.876922380811127
1650,27.527915750001885
1651,33.170086031118885
1652,44.280200553603926
1653,33.59635010830731
1654,20.264097210542847
1655,37.90140269090963
1656,33.02174319160338
1657,28.69460164453014
1658,31.34681444033962
1659,36.33558951261484
1660,26.387968477206304
1661,14.802331712172496
1662,49.071495023934105
1663,22.337836712453452
1664,39.17274225449713
1665,29.39312799222016
1666,24.810827027567598
1667,16.999601052730046
1668,38.94892734121629
1669,12.180912712197296
1670,35.800519153301934
1671,45.39673881010139
1672,26.173729120664547
1673,33.67129355742032
1674,21.789710080841832
1675,23.09157288277627
1676,32.78891489009915
1677,26.83219931587547
1678,59.96986339013872
1679,57.75860944459288
1680,33.562140638848156
1681,25.414349490277495
1682,31.016069319411223
1683,34.27106693651824
1684,20.799665132562254
1685,26.654726693344493
1686,15.441139371247962
1687,28.7933411940212
1688,30.629774343542564
1689,40.19785917760743
1690,34.530072129725035
1691,33.03461163456328
1692,22.390139196751363
1693,31.892536910348106
1694,31.430524627048946
1695,36.252615102536915
1696,30.69106665350797
1697,36.49869690216618
1698,25.715247398259084
1699,34.030444975816806
1700,40.57555974145507
1701,44.468813301419594
1702,41.544979246468735
1703,28.6547516966687
1704,33.534856658204006
1705,35.02609100204718
1706,31.679664681603963
1707,28.887745075832733
1708,32.063988105789505
1709,38.73448014625661
1710,35.64913323322314
1711,18.456323032559332
1712,48.15028617207135
1713,22.694893341814502
1714,30.08077889500517
1715,23.525630575421992
1716,22.122279446769305
1717,30.729138230576446
1718,17.45049442732396
1719,30.720126125811575
1720,16.95280262052073
1721,36.56289272642239
1722,47.74852594378168
1723,20.044777267897224
1724,31.635679523990028
1725,22.85370551089218
1726,38.44744943688866
1727,39.99680366245335
1728,35.0587646911728
1729,47.54372729403492
1730,25.578648462120512
1731,30.4747662767102
1732,33.0303185175076
1733,35.98420124865834
1734,25.80418904185432
1735,31.936610107052406
1736,36.44213615320038
1737,23.01195274091687
1738,38.21147953803117
1739,44.0367492004172
1740,32.02776479949635
1741,51.34343356783386
1742,25.592319996247287
1743,31.508555059859066
1744,32.15246635056008
1745,27.30497965447028
1746,28.42893347434215
1747,13.075174902860386
1748,35.16576940731003
1749,27.808647654093832
1750,27.414731070478865
1751,24.012166388247593
1752,22.94254628628895
1753,23.364019209070577
1754,36.266142724374255
1755,32.323796051663955
1756,25.792991556794636
1757,28.253630476377367
1758,23.84401089994046
1759,34.362155897646005
1760,25.2202709079966
1761,18.19048519000522
1762,30.832499928791385
1763,27.21311844092009
1764,39.714512718625365
1765,35.355083386727024
1766,39.992171472598606
1767,28.25074368405593
1768,33.95484189781296
1769,39.461117583730285
1770,37.20330000534558
1771,39.620953207748535
1772,42.06052892235536
1773,30.309787567262227
1774,21.637306222419664
1775,38.878799711653
1776,33.84762331305728
1777,24.956696526883174
1778,41.448949142881546
1779,19.988812309413508
1780,30.375673346565137
1781,31.74895108800875
1782,26.59489939058664
1783,42.85395677576423
1784,38.2064803111031
1785,35.065831328645274
1787,52.02646054519809
1788,25.731956634995516
1789,22.88616409732125
1790,43.76573331546577
1791,38.601375423752906
1792,27.309906069814122
1793,41.75069760304307
1794,41.06390772652333
1795,34.49842975713974
1796,34.21256647920585
1797,34.93474482817446
1798,38.13080389645299
1799,37.16450205283952
1800,29.27540376171346
1801,41.395018611253285
1802,33.556213070994836
1804,38.832185098092374
1805,30.54546526761354
1806,40.293872478040555
1807,36.20808138536316
1808,30.989753270920378
1809,33.20813329009499
1810,29.88271991290369
1811,34.372899782180895
1813,32.33491194331883
1814,26.4724806979742
1815,29.747085830816943
1816,28.205305091001044
1817,22.301136429312184
1818,35.07014028056112
1819,18.435734926300956
1820,30.95978602595733
1821,22.622881842705162
1822,42.051913638025404
1823,35.29404147856507
1824,24.02374646534076
1825,28.57926541624775
1826,35.95608781823228
1827,31.589099528006454
1828,41.93219356144068
1829,56.457002947366774
1830,29.519060664634754
1831,27.71966171447189
1832,23.511919708941477
1833,35.7529545674427
1834,32.121061191361136
1835,34.810337621933904
1837,26.66693097569679
1838,34.93318923167617
1839,33.99452631838204
1840,22.058534116127625
1841,31.431576817626272
1842,60.923560608458985
1843,25.491085476097393
1844,32.300910175691925
1845,40.33292831368491
1846,30.95062798018928
1847,36.685708119740376
1848,31.077636177094025
1849,39.22483880088573
1850,37.235475468402484
1851,23.98977978170596
1852,37.124440320529544
1854,46.71410486146647
1855,28.320360023012526
1856,35.961440245148104
1857,32.930504696280984
1858,42.29647507359888
1859,41.07776577966135
1860,34.204308184505564
1861,34.367527171597544
1863,34.212935115202555
1865,30.890737677782486
1866,39.549787187918305
1867,37.91253922837722
1868,34.58928930680696
1869,51.926985886265456
1870,40.71055551678541
1871,28.595276505556082
1872,25.587469759843646
1873,28.982899927086848
1874,34.40524916552107
1875,28.178890352803386
1877,57.0606480089766
1878,31.910629503812398
1879,42.81373291709827
1880,22.652407640398035
1881,27.429874670102887
1882,30.85770121224934
1883,32.593931383711386
1884,25.67205301098141
1885,23.5596528474231
1886,23.388070358868003
1887,50.849037745997016
1888,41.70191673974498
1889,51.4569641092188
1890,22.12025719958469
1891,35.68626128675648
1892,31.168579653648305
1893,22.53075663053706
1894,49.847690311887746
1895,27.10353825115138
1896,33.755837224816545
1897,27.38971615370393
1898,33.849183627039835
1899,25.596414550748847
1900,37.918139397567636
1902,29.067720014729026
1903,29.899384132756484
1904,40.50855130643268
1905,31.64932984787599
1907,29.051027889873343
1908,28.573323192599076
1909,31.60469830147008
1910,38.440850330666635
1911,40.695795443149976
1912,33.97806845800421
1913,26.07723413691217
1915,31.729832719687273
1916,34.64203233256352
1917,34.25482224395483
1918,32.94320749014298
1919,30.092376182526433
1921,37.155432356593096
1922,37.407592997169395
1923,25.209477608948404
1924,37.04936740013762
1925,35.46622171409738
1926,24.825464555694353
1927,24.734655485149844
1928,35.823289580156626
1929,27.33579480611067
1930,27.02075197390277
1931,29.502303112009887
1932,34.60634684653161
1933,40.75155775853494
1934,23.965305194263458
1935,38.40991662597779
1936,45.56157303619342
1937,31.726593024555626
1938,34.61215955053806
1939,40.88758432360694
1940,35.411382994008775
1941,35.56165932109815
1942,37.636882699762225
1943,25.415338937718456
1944,26.217691013856136
1945,32.049616441822984
1946,35.307931957577
1947,31.776467424281147
1948,33.686399930848935
1950,34.844989608919846
1951,33.595948031822985
1952,25.5392826779115
1953,31.930618283321703
1955,37.73192422663291
1956,32.56604239179818
1957,33.64386210112531
1959,33.43553740056821
1960,35.18619794202895
1961,29.662929759268096
1962,36.47571370540377
1963,35.165514398051414
1965,36.128211320665336
1966,27.80703382581723
1967,34.982261126303754
1968,42.94270013275877
1969,32.14524105809651
1970,45.20676832309217
1971,50.60270752536658
1973,34.148521037097304
1974,42.26694082673361
1975,42.712567994498265
1977,33.68732743787763
1978,31.976279624800075
1979,29.312225439830964
1981,28.996587692621496
1983,32.61104983933079
1984,35.18692302655987
1985,54.41587534809983
1987,29.310731273230516
1988,27.292029806358748
1990,35.58465318070149
1991,31.611398069474312
1992,34.05835075101845
1993,31.42764077804373
1994,32.15028848041842
1996,34.95680862372007
1998,46.16979445085236
1999,31.397901859108053
2001,35.98011935608712
2002,42.08507925892642
2004,35.93984272908594
2005,33.043059548554666
2006,50.74933231347482
2008,38.69294729527646
2009,41.4766599515191
2010,30.113093379846166
2011,38.807387496661484
2012,31.200795316511233
2013,43.43895793792894
2014,29.209103422107702
2017,31.871347074278965
2018,40.83220160639397
2019,35.34191933404435
2021,36.93403381833162
2023,32.18256260271276
2024,31.692813782980885
2025,38.18490409349489
2028,34.04181687160152
2029,37.242875347468676
2032,36.00525926680154
2034,40.29746873403611
2035,40.100408903440226
2036,31.219432067937653
2037,37.57157049361838
2038,30.47164100717411
2040,41.09563382355347
2044,43.077837124668
2045,35.50908366044175
2048,41.39435759840861
2049,30.836308238022703
2050,43.958350566427654
2051,33.10519017851231
2052,35.33130453750696
2053,34.62808420620619
2054,48.319443087302545
2055,34.35595082747353
2057,32.024436897091526
2060,39.391462193666975
2061,43.75549802799736
2065,36.758300890824025
2066,36.639702075414746
2067,40.82317329539288
2068,40.51801452976368
2070,42.824502765072516
2072,34.616763486795165
2074,50.264595959641014
2076,32.22239162424445
2077,32.507906481980704
2078,40.30037447540282
2081,46.19146290763441
2083,46.223012968125076
2084,41.36843409976485
2085,60.80279987273306
2087,42.15856411404175
2088,42.34206465722315
2089,39.51600490191262
2090,59.16354291298892
2091,36.83847532169876
2092,48.59085378945109
2093,38.39994742604839
2096,40.50319065815191
2097,39.58080219063614
2098,36.9753747249835
2100,42.61164206633602
2101,33.23546035402569
2103,36.09863647116266
2104,34.14866166651058
2108,70.22371902552217
2113,78.8427150128331
2114,34.190465073959864
2121,46.25889287367923
2125,54.82917622886693
2126,46.63242888088124
2128,42.68487601284539
2132,34.96139968234903
2133,39.47396526112411
2135,37.84218821999037
2136,43.79885590999921
2137,44.31655276574795
2138,39.01504881778884
2140,41.27438185601918
2142,40.88151160996528
2143,38.817969885366054
2147,40.16678389784656
2148,39.353140409013704
2152,43.097952706349524
2153,53.87928465341272
2154,36.96960380668416
2155,44.2328644798132
2157,39.61209663251374
2159,37.541109804340856
2162,46.91209234452645
2167,35.798762435713456
2171,39.98700285519698
2172,37.770920617439764
2177,42.07970218049605
2181,49.04749775605943
2182,54.64070560650845
2185,41.09793351139315
2189,37.51961579399656
2199,41.53768950519747
2201,41.683280581289935
2203,48.643640927361226
2218,52.63913679088943
2219,40.285142779751425
2227,58.027114495062825
2233,57.81317519840009
2234,38.33647403839579
2235,41.607949989298135
2238,47.049848515956405
2239,42.1084125087828
2242,44.58722694680674
2247,41.95938625331242
2248,49.16415535018142
2252,41.30741879890276
2257,40.780267384463535
2261,42.546346951401574
2263,46.30033323073568
2267,40.402497898614186
2270,40.217410509205266
2277,44.56053882403814
2278,64.53536158074947
2293,44.66814834283766
2298,50.25544164381404
2301,49.69487821156606
2313,65.53558221372177
2314,53.360990211625136
2325,43.76988629961624
2334,52.36029082337369
2335,46.38205479082496
2339,52.715024852931656
2342,49.56605605750991
2364,44.614048037962434
2365,68.16665843715836
2378,49.50097433776258
2391,63.37781058463479
2397,47.015330716617164
2405,54.21485463545802
2434,47.878435524199176
2451,63.255641507066976
2452,62.5603320433402
2463,57.90159325494806
2465,57.68040916423131
2487,57.46440846170123
2489,62.18911970205134
2518,59.034433283442546
2547,55.97484870960274
2549,54.47670433599917
2555,54.92656456242536
2576,67.07084213108368
2586,60.03726898188779
2593,53.57069927945953
2745,68.13785436353528
2864,76.30868666513922
2881,68.76773035180116
3023,67.05999489906026
3054,70.2039715320799
3118,81.37021050080367
3227,74.76334193275754
3418,75.86766117483393
3523,79.68481730083565
3681,85.78210171808487
4751,93.08585987130145
4920,95.01253009680114
5050,94.27185707994973
